id;title;description;creation_time;status
1;Metrics Senior;Bicycle establish Bronze;2023-06-21;35758
2;male;invoice Table;2023-06-20;74978
3;volt female Investment;Southwest drowse;2023-06-21;31415
4;Pickup New;becquerel Northwest quod;2023-06-21;65406
5;Pound Southeast to;Mountain Berkshire;2023-06-21;49297
6;till Touring watt;Frozen;2023-06-21;93199
7;Suriname Bedfordshire Intersex;hack West invoice;2023-06-21;67214
8;zero henry grey;Dinar Programmable;2023-06-21;70742
9;Southwest tightly;Synchronised indexing Hybrid;2023-06-21;58272
10;platinum Consultant exploit;hertz siemens;2023-06-21;97818
